Emma,password2,
Liam,password2,
Olivia,password3,
Noah,password4,
Ava,password4,
William,password1,
Sophia,password5,
James,password3,
Isabella,password1,
Oliver,password3,
Charlotte,password3,
Benjamin,password5,
Amelia,password4,
Elijah,password4,
Mia,password4,
Lucas,password1,
Harper,password3,
Mason,password4,
Evelyn,password1,
Logan,password5,
Abigail,password1,
Alexander,password3,
Emily,password3,
Michael,password4,
Madison,password3,
Jackson,password5,
Elizabeth,password3,
Ethan,password1,
Avery,password4,
Daniel,password2,
Sofia,password4,
Henry,password5,
Chloe,password1,
Joseph,password1,
Grace,password5,
Samuel,password1,
Aubrey,password2,
David,password5,
Ellie,password1,
Carter,password3,
Scarlett,password3,
Wyatt,password1,
Zoe,password5,
John,password1,
Hannah,password5,
Jack,password5,
Natalie,password3,
Luke,password2,
Lily,password2,
Owen,password2,
Brooklyn,password3,
Dylan,password4,
Addison,password3,
Matthew,password1,
Victoria,password2,
Grayson,password4,
Leah,password2,
Gabriel,password5,
Audrey,password5,
Anthony,password2,
Samantha,password1,
Leo,password2,
Claire,password1,
Lincoln,password1,
Anna,password3,
Jaxon,password3,
Isabelle,password4,
Asher,password4,
Stella,password3,
Christopher,password3,
Nora,password1,
Joshua,password5,
Lucy,password3,
Andrew,password5,
Maya,password5,
Theodore,password2,
Aria,password5,
Caleb,password1,
Elena,password1,
Ryan,password1,
Penelope,password3,
Nathan,password5,
Hazel,password3,
Miles,password1,
Gabriella,password5,
Sebastian,password5,
Alice,password4,
Eli,password2,
Kinsley,password1,
Jeremiah,password2,
Madeline,password1,
Brayden,password4,
Ellie,password3,
Jordan,password3,
Peyton,password5,
Colton,password1,
Lillian,password4,
Ian,password4,
Addison,password5,
Dominic,password1,
Isabel,password4,
Xavier,password3,
Ivy,password5,
Adam,password3,
Layla,password5,
Jayden,password4,
Kylie,password2,
Justin,password5,
Emilia,password4,
Julian,password3,
Harmony,password5,
Landon,password1,
Alexa,password4,
Robert,password5,
Adeline,password3,
Easton,password4,
Alexandra,password5,
Carson,password4,
Molly,password1,
Ezra,password2,
Zoey,password2,
Brooks,password4,
Luna,password3,
Micah,password3,
Eva,password4,
Charles,password5,
Jasmine,password3,
Harrison,password5,
Gianna,password4,
Nolan,password2,
Eleanor,password5,
Bryson,password2,
Elise,password5,
Jordan,password3,
Nova,password2,
Nicholas,password1,
Ruby,password3,
Parker,password1,
Leila,password5,
Nathaniel,password4,
Margaret,password3,
Jace,password5,
Lucia,password3,
Dylan,password2,
Juliana,password5,
Sawyer,password3,
Sara,password1,
Gavin,password1,
Violet,password5,
Wyatt,password1,
Rebecca,password3,
Roman,password2,
Camila,password2,
Elias,password1,
Brielle,password1,
Jaxson,password3,
Willow,password4,
Greyson,password3,
Aurora,password3,
Levi,password4,
Hannah,password1,
Austin,password1,
CorA,password2,
Everett,password2,
Madelyn,password5,
Jonah,password5,
Clara,password3,
Brantley,password5,
Kaylee,password4,
Josiah,password3,
Delilah,password2,
Maxwell,password2,
Sophie,password2,
Axel,password3,
Olga,password1,
Xander,password5,
Catherine,password1,
Chase,password4,
Valentina,password1,
Cole,password1,
Arnav Kapoor,asdfasdf,
